child_id,child_name,state,in_post1790,error,parent_id,parent_ids_all,parent_name,multi_parent
Abbott-7306,Daniel Abbott,CT,True,,Abbott-2269,Abbott-2269,Samuel Abbott,False
Abel-3210,Elijah Abel,CT,True,,Abell-150,Abell-150,Elijah Abell,False
Allen-14753,Noah Allen,MA,True,,Way-637,Way-637,Abigail Allyn,False
Allen-27627,Betsey Wadsworth,CT,True,,Allen-27628,Allen-27628,Daniel Allen,False
Allen-35580,Elizabeth Allen,CT,True,,Allen-23631,Allen-23631,Thomas Allen,False
Allen-69305,Thomas Allen,MA,True,,Allen-63585,Allen-63585,Isaac Allen,False
Allyn-644,Henry Allyn,CT,True,,Allyn-402,Allyn-402,John Allyn,False
Amory-332,Thomas Amory,MA,True,,Amory-37,Amory-37,John Amory,False
Amory-38,Thomas Amory,MA,True,,Amory-37,Amory-37,John Amory,False
Andrews-148,William Andrews,CT,True,,Andrews-149,Andrews-149,William Andrus,False
Austin-13803,John Austin,CT,True,,Austin-3009,Austin-3009,David Austin,False
Austin-2653,Elijah Austin,CT,True,,Austin-2654,Austin-2654,Joshua Austin,False
Avery-3945,Amos Avery,CT,True,,Avery-3949,Avery-3949,John Avery,False
Backus-533,Elijah Backus,CT,True,,Bacon-3848,Bacon-3848,Mary Backus,False
Baldwin-5675,Timothy Baldwin,CT,True,,Baldwin-2047,Baldwin-2047,Samuel Baldwin,False
Baldwin-5677,Timothy Baldwin,CT,True,,Baldwin-2047,Baldwin-2047,Samuel Baldwin,False
Ball-5126,Joseph Ball,PA,True,,Ball-5124,Ball-5124,John Ball,False
Bedford-528,Gunning Bedford,DE,True,,Bedford-2561,Bedford-2561,William Bedford,False
Beecher-420,David Beecher,CT,True,,Beecher-228,Beecher-228,Isaac Beecher,False
Beecher-426,David Beecher,CT,True,,Perkins-8034,Perkins-8034,Hannah Beecher,False
Beers-1315,Elias Beers,CT,True,,Beers-382,Beers-382,Nathan Beers,False
Beers-1426,Isaac Beers,CT,True,,Beers-382,Beers-382,Nathan Beers,False
Beers-2436,Nathan Beers,CT,True,,Beers-1136,Beers-1136,Samuel Beers,False
Benedict-1337,Sarah Smith,CT,True,,Benedict-790,Benedict-790,James Benedict,False
Bennet-314,John Bennett,NJ,True,,Bennet-69,Bennet-69,John Bennet,False
Bennett-8236,Daniel Bennett,CT,True,,Bennett-8237,Bennett-8237,Nathan Bennett,False
Biddle-350,Clement Biddle,PA,True,,Biddle-342,Biddle-342,Owen Biddle,False
Biddle-594,Thomas Biddle,PA,True,,Biddle-341,Biddle-341,Clement Biddle,False
Bolles-244,John Bolles,CT,True,,Moore-31622,Moore-31622,Margaret Bolles,False
Bowie-334,Robert Bowie,MD,True,,Bowie-960,Bowie-960,William Bowie,False
Boyd-2675,James Boyd,PA,True,,Boyd-2669,Boyd-2669,Mary Boyd,False
Boyd-6124,James Boyd,PA,True,,Boyd-5708,Boyd-5708,William Boyd,False
Brackett-1591,Joshua Brackett,NH,True,,Brackett-1284,Brackett-1284,George Brackett,False
Bright-285,Jacob Bright,PA,True,,Bright-284,Bright-284,Peter Bright,False
Brown-131608,John Brown,PA,True,,Brown-50426,Brown-50426,William Brown,False
Brown-169616,Sarah Smith,CT,True,,Skelding-127,Skelding-127,Rebecca Brown,False
Brown-177610,Francis Brown,CT,True,,Slauson-68,Slauson-68,Rebecca Brown,False
Brown-45738,Peleg Brown,CT,True,,Brown-21524,Brown-21524,Amos Brown,False
Brown-53760,David Brown,CT,True,,Brown-46658,Brown-46658,Daniel Brown,False
Brown-59033,William Brown,PA,True,,Thompson-18376,Thompson-18376,Elizabeth Brown,False
Brown-612,Joseph Brown,PA,True,,Brown-610,Brown-610,Daniel Brown,False
Brown-68031,David Brown,CT,True,,Brown-37866,Brown-37866,Samuel Brown,False
Brown-85990,William Brown,PA,True,,Brown-81123,Brown-81123,John Brown,False
Brown-85995,James Brown,PA,True,,Brown-81123,Brown-81123,John Brown,False
Brown-86620,Benjamin Brown,MA,True,,Brown-86025,Brown-86025,William Brown,False
Brown-87452,David Brown,CT,True,,Brown-17464,Brown-17464,James Brown,False
Browne-1901,Joseph Brown,PA,True,,Brown-79831,Brown-79831,Abraham Brown,False
Bulkley-346,Abigail Bulkley,CT,True,,Bulkley-302,Bulkley-302,Jonathan Bulkeley,False
Burr-2194,Thaddeus Burr,CT,True,,Burr-1239,Burr-1239,Peter Burr,False
Caldwell-8721,David Caldwell,PA,True,,Stephenson-6680,Stephenson-6680,Elizabeth Caldwell,False
Campbell-21003,James Campbell,PA,True,,Campbell-54996,Campbell-54996,John Campbell,False
Campbell-38120,James Campbell,PA,True,,Campbell-38121,Campbell-38121,William Campbell,False
Campbell-7919,James Campbell,PA,True,,Campbell-2731,Campbell-2731,John Campbell,False
Canfield-1856,Abiel Canfield,CT,True,,Canfield-744,Canfield-744,Joseph Canfield,False
Canfield-2483,Samuel Canfield,CT,True,,Canfield-503,Canfield-503,Jonathan Canfield,False
Carpenter-16916,James Carpenter,NY,True,,Carpenter-5835,Carpenter-5835,Timothy Carpenter,False
Carroll-3428,Charles Carroll,MD,True,,Darnall-125,Darnall-125,Molly Carroll,False
Carroll-5180,Daniel Carroll,MD,True,,Hill-19326,Hill-19326,Mary Carroll,False
Carroll-5444,Charles Carroll,MD,True,,Hill-19326,Hill-19326,Mary Carroll,False
Chaffee-750,John Chaffee,CT,True,,Brown-31122,Brown-31122,Anna Chaffee,False
Choate-152,David Choate,MA,True,,Choate-130,Choate-130,William Choate,False
Clark-24809,Thomas Clark,CT,True,,Clark-6546,Clark-6546,Nathaniel Clark,False
Clark-39484,James Clark,CT,True,,Clark-1980,Clark-1980,Nathaniel Clark,False
Clark-65324,James Clark,CT,True,,Bacon-2706,Bacon-2706,Mary Clarke,False
Clark-67379,Nathan Clark,CT,True,,Clark-50553,Clark-50553,Thomas Clark,False
Coburn-1452,John Coburn,MA,True,,Coburn-734,Coburn-734,Nathaniel Coburn,False
Cogswell-900,Nathaniel Cogswell,CT,True,,Cogswell-52,Cogswell-52,Nathan Cogswell,False
Cole-22373,James Cole,NY,True,,Cole-9116,Cole-9116,Jonathan Cole,False
Cole-3580,Abraham Cole,NY,True,,Cole-3567,Cole-3567,Isaac Abrahamsen Cole,False
Comstock-2253,John Comstock,CT,True,,Comstock-1753,Comstock-1753,Samuel Comstock,False
Cook-34193,John Cook,PA,True,,Cook-34194,Cook-34194,William Cook,False
Cox-14810,Catherine Cox,NY,True,,Cox-14808,Cox-14808,John Cox,False
Cox-9378,Jacob Cox,VA,True,,Cox-4054,Cox-4054,Isaac Cox,False
Craig-3555,John Craig,PA,True,,Craig-3840,Craig-3840,James Craig,False
Craig-3949,James Craig,PA,True,,Craig-3893,Craig-3893,Robert Craig,False
Craig-8371,James Craig,VA,True,,Stuart-4857,Stuart-4857,Jean Craige,False
Cram-375,Joseph Cram,NH,True,,Cram-176,Cram-176,Benjamin Cram,False
Cram-386,Joseph Cram,NH,True,,Cram-178,Cram-178,Benjamin Cram,False
Crawford-656,William Crawford,PA,True,,Crawford-450,Crawford-450,John Crawford,False
Davenport-2104,James Davenport,CT,True,,Huntington-794,Huntington-794,Elizabeth Davenport,False
Davenport-2767,John Davenport,CT,True,,Huntington-794,Huntington-794,Elizabeth Davenport,False
Davidson-20835,James Davidson,PA,True,,Davidson-21308,Davidson-21308,William Davidson,False
Davidson-9525,James Davidson,PA,True,,Davidson-6076,Davidson-6076,John Davidson,False
Davis-107361,John Davis,PA,True,,Davis-60531,Davis-60531,William Davis,False
Davis-112813,John Davis,CT,True,,Davis-112812,Davis-112812,Aaron Davis,False
Davis-21935,Thomas Davis,VA,True,,Davis-19677,Davis-19677,William Davis,False
Davis-32982,William Davis,MA,True,,Davis-29889,Davis-29889,Benjamin Davis,False
Davis-35108,David Davis,CT,True,,Davis-14859,Davis-14859,Jonathan Davis,False
Davis-39026,William Davis,MA,True,,Davis-36861,Davis-36861,Moses Davis,False
Davison-6699,Elizabeth Allen,CT,True,,Davison-4470,Davison-4470,Phineas Davison,False
Denny-1470,Ebenezer Denny,PA,True,,Denny-1471,Denny-1471,William Denny,False
Dorsey-1675,Caleb Dorsey,MD,True,,Dorsey-787,Dorsey-787,Elizabeth Dorsey,False
Douglass-1772,Andrew Douglass,PA,True,,Douglas-4654,Douglas-4654,George Douglas,False
Douglass-2410,George Douglass,PA,True,,Douglas-4654,Douglas-4654,George Douglas,False
Dow-1038,John Dow,CT,True,,Dow-377,Dow-377,Benjamin Dow,False
Duncan-3338,Elizabeth Smith,PA,True,,Smith-48206,Smith-48206,Ann Duncan,False
Duncan-3343,James Duncan,PA,True,,Smith-48206,Smith-48206,Ann Duncan,False
Dyer-17081,Eliphalet Dyer,CT,True,,Dyer-11751,Dyer-11751,Thomas Dyer,False
Edwards-24501,Thomas Edwards,PA,True,,Foulke-31,Foulke-31,Martha Roberts,False
Elliott-19363,William Elliott,PA,True,,Wilson-120090,Wilson-120090,Jean Elliott,False
Evans-24165,David Evans,PA,True,,Evans-24166,Evans-24166,William Evans,False
Evans-304,David Evans,PA,True,,Evans-302,Evans-302,John Evans,False
Evans-31312,John Evans,PA,True,,Evans-19332,Evans-19332,Peter Evans,False
Evans-41428,John Evans,PA,True,,Evans-41276,Evans-41276,Evan Evans,False
Evans-41431,Nathan Evans,PA,True,,Evans-41276,Evans-41276,Evan Evans,False
Fisher-30133,Joshua Fisher,MA,True,,Fisher-33938,Fisher-33938,Nathaniel Fisher,False
Fisher-33931,John Fisher,MA,True,,Fisher-33938,Fisher-33938,Nathaniel Fisher,False
Fitch-3074,Samuel Fitch,CT,True,,Fitch-688,Fitch-688,Jabez Fitch,False
Fonda-232,John Fonda,NY,True,,Fonda-233,Fonda-233,Lawrence Fonda,False
Fonda-328,Abraham Fonda,NY,True,,Fonda-173,Fonda-173,John Fonda,False
Foote-1387,Martha Norton,NY,True,,Moss-1115,Moss-1115,Martha Thompson,False
Francis-5082,Thomas Francis,PA,True,,Francis-2692,Francis-2692,Tench Francis,False
Gale-1949,John Gale,MD,True,,Airey-135,Airey-135,Elizabeth Gale,False
Gale-1957,George Gale,MD,True,,Airey-135,Airey-135,Elizabeth Gale,False
Gallup-144,Isaac Gallup,CT,True,,Gallup-162,Gallup-162,Benadam Gallup,False
Garrigues-638,Elizabeth Smith,PA,True,,Garrigues-14,Garrigues-14,Isaac Garrigues,False
Gibson-32871,James Gibson,PA,True,,Gibson-32847,Gibson-32847,John Gibson,False
Gilman-1209,Samuel Gilman,NH,True,,Gilman-1018,Gilman-1018,Jonathan Gilman,False
Gilman-1647,Samuel Gilman,NH,True,,Gilman-1645,Gilman-1645,David Gilman,False
Goodwin-5263,Hezekiah Goodwin,CT,True,,Goodwin-2195,Goodwin-2195,John Goodwin,False
Goodwin-5266,Hezekiah Goodwin,CT,True,,Goodwin-2195,Goodwin-2195,John Goodwin,False
Gray-14595,Samuel Gray,CT,True,,Gray-14592,Gray-14592,Jonathan Gray,False
Gridley-412,Elijah Gridley,CT,True,,Gridley-147,Gridley-147,Elnathan Gridley,False
Griswold-1332,John Griswold,CT,True,,Gibbs-903,Gibbs-903,Hannah Griswold,False
Griswold-853,John Griswold,CT,True,,Griswold-585,Griswold-585,Daniel Griswold,False
Hale-1276,John Hale,CT,True,,Hale-1280,Hale-1280,James Hale,False
Hale-2608,Elisha Hale,CT,True,,Hale-2128,Hale-2128,Jonathan Hale,False
Hale-4550,John Hale,CT,True,,Hale-401,Hale-401,Richard Hale,False
Hale-7887,Josiah Hale,CT,True,,Hale-7872,Hale-7872,William Hale,False
Hall-14453,John Hall,CT,True,,Hall-14454,Hall-14454,David Hall,False
Hall-20602,John Hall,CT,True,,Johnson-25343,Johnson-25343,Sarah Johnson,False
Hall-319,Stephen Hall,CT,True,,Hall-6697,Hall-6697,Abner Hall,False
Hall-56463,Edward Hall,MD,True,,Hall-14922,Hall-14922,Aquilla Hall,False
Hall-65049,John Hall,CT,True,,Hall-65046,Hall-65046,Richard Hall,False
Hall-7232,John Hall,CT,True,,Hall-6697,Hall-6697,Abner Hall,False
Hall-8231,Joseph Hall,NH,True,,Hall-8233,Hall-8233,Johnathan Hall,False
Hancock-10241,John Hancock,MA,True,,Lowell-407,Lowell-407,Elizabeth Hancock,False
Hart-20582,Joseph Hart,PA,True,,Hart-20581,Hart-20581,William Hart,False
Hart-25797,John Hart,PA,True,,Means-1549,Means-1549,Jean Hart,False
Hart-2770,John Hart,PA,True,,Hart-2783,Hart-2783,Joseph Hart,False
Hart-4482,Joseph Hart,PA,True,,Means-1549,Means-1549,Jean Hart,False
Hart-5058,John Hart,PA,True,,Hart-304,Hart-304,William Hart,False
Hartman-1319,Peter Hartman,PA,True,,Hartman-1320,Hartman-1320,John Hartman,False
Hayes-14907,Mary Smith,PA,True,,Hayes-14906,Hayes-14906,George Hayes,False
Hayes-21509,Elizabeth Smith,PA,True,,Hayes-22966,Hayes-22966,Henry Hayes,False
Henderson-10872,Samuel Henderson,PA,True,,Henderson-14455,Henderson-14455,Thomas Henderson,False
Henry-15993,William Henry,PA,True,,Henry-18460,Henry-18460,John Henry,False
Hide-171,John Hyde,CT,True,,Hyde-3783,Hyde-3783,Joseph Hide,False
Higgins-2336,William Higgins,CT,True,,Higgins-2320,Higgins-2320,Samuel Higgins,False
Hine-680,Abel Hine,CT,True,,Hine-679,Hine-679,Daniel Hine,False
Hooker-862,James Hooker,CT,True,,Hooker-2001,Hooker-2001,Noadiah Hooker,False
Horsey-85,Outerbridge Horsey,MD,True,,Horsey-108,Horsey-108,William Horsey,False
Hovey-1435,Jacob Hovey,CT,True,,Hovey-558,Hovey-558,Joseph Hovey,False
Hull-1984,Sarah Smith,CT,True,,Hull-1978,Hull-1978,Stephen Hull,False
Hunt-18787,John Hunt,MA,True,,Hunt-7736,Hunt-7736,William Hunt,False
Hunt-5892,John Hunt,MA,True,,Whitmarsh-32,Whitmarsh-32,Ruth Hunt,False
Hunter-16136,James Hunter,PA,True,,Ross-21142,Ross-21142,Susan Hunter,False
Huntington-1170,Andrew Huntington,CT,True,,Huntington-1225,Huntington-1225,Sarah Throop,False
Huntington-1393,Zachariah Huntington,CT,True,,Huntington-151,Huntington-151,Jabez Huntington,False
Huntington-2187,John Huntington,CT,True,,Eells-333,Eells-333,John Eells,False
Huntington-2204,Andrew Huntington,CT,True,,Denison-121,Denison-121,Elizabeth Huntington,False
Huntington-2246,Henry Huntington,CT,True,,Huntington-2244,Huntington-2244,Benjamin Huntington,False
Huntington-2859,Hannah Huntington,CT,True,,Huntington-144,Huntington-144,Joseph Huntington,False
Huntington-824,Jedediah Huntington,CT,True,,Huntington-151,Huntington-151,Jabez Huntington,False
Huntington-881,Hannah Huntington,CT,True,,Huntington-878,Huntington-878,Oliver Huntington,False
Hutton-446,Mary Smith,PA,True,,Hutton-2830,Hutton-2830,James Hutton,False
Hyde-4017,John Hyde,CT,True,,Hyde-4014,Hyde-4014,Simon Hyde,False
Irwin-4064,Nathaniel Irwin,PA,True,,Irwin-4065,Irwin-4065,George Irwin,False
Jamison-721,John Jamison,PA,True,,Jamison-1100,Jamison-1100,James Jamison,False
Johnson-106459,William Johnson,NY,True,,Brelsford-353,Brelsford-353,Mary Johnson,False
Johnson-109926,Seth Johnson,CT,True,,Johnson-59774,Johnson-59774,William Johnson,False
Johnson-31330,William Johnson,NY,True,,Wysen_Bergh-1,Wysen_Bergh-1,John Johnson,False
Johnson-38487,William Johnson,NY,True,,Johnson-38489,Johnson-38489,John Johnson,False
Johnson-56376,John Johnson,NY,True,,Smith-125701,Smith-125701,Jennie Johnson,False
Johnson-70474,Stephen Johnson,CT,True,,Johnson-25342,Johnson-25342,Moses Johnson,False
Johnston-17580,James Johnston,PA,True,,Johnston-17573,Johnston-17573,John Johnston,False
Jones-50540,John Jones,PA,True,,Jones-50541,Jones-50541,Joseph Jones,False
Jones-85829,William Jones,MA,True,,Jones-85825,Jones-85825,Isaac Jones,False
Judson-1160,Mary Judson,CT,True,,Judson-93,Judson-93,David Judson,False
Judson-668,Mary Judson,CT,True,,Judson-93,Judson-93,David Judson,False
Judson-830,David Judson,CT,True,,Judson-79,Judson-79,Agur Judson,False
Keeler-1428,Sarah Smith,CT,True,,Keeler-1295,Keeler-1295,Matthew Keeler,False
Keim-570,Catherine Miller,PA,True,,Keim-15,Keim-15,George Keim,False
Kellogg-3432,Martin Kellogg,CT,True,,Kellogg-1932,Kellogg-1932,Samuel Kellogg,False
Langdon-729,John Langdon,NH,True,,Hall-14649,Hall-14649,Mary Langdon,False
Lansdale-127,Thomas Lansdale,MD,True,,Crabb-256,Crabb-256,Elinor Lansdale,False
Lansing-343,Abraham Lansing,NY,True,,Lansing-290,Lansing-290,Catharina Douw,False
Lansing-405,Abraham Lansing,NY,True,,Lansing-256,Lansing-256,Johannes Lansing,False
Lansing-512,Abraham Lansing,NY,True,,Lansing-510,Lansing-510,Isaac Lansing,False
Lansing-817,Abraham Lansing,NY,True,,Lansing-279,Lansing-279,Gerrit Lansing,False
Larrabee-1958,Timothy Larrabee,CT,True,,Larrabee-1519,Larrabee-1519,John Larrabee,False
Lascher-3,Catherine Miller,PA,True,,Lesher-242,Lesher-242,John Lesher,False
Lee-15337,Charles Lee,VA,True,,Lee-9806,Lee-9806,Richard Lee,False
Lee-20195,Elizabeth Allen,CT,True,,Lee-10605,Lee-10605,Jonathan Lee,False
Lee-4355,Thomas Lee,MA,True,,Lee-1461,Lee-1461,Joseph Lee,False
Lee-43695,Richard Lee,VA,True,,Lee-20569,Lee-20569,George Lee,False
Lewis-13308,David Lewis,PA,True,,Lewis-6356,Lewis-6356,Nathan Lewis,False
Linton-2153,Elizabeth Smith,PA,True,,Moon-5418,Moon-5418,Mary Linton,False
Long-36784,John Long,PA,True,,Long-36780,Long-36780,William Long,False
Lowenstein-356,Henry Livingston,NY,True,,Appel-365,Appel-365,Anna Lowenstein,False
MacCubbin-65,Charles MacCubbin,MD,True,,Carroll-5448,Carroll-5448,Mary MacCubbin,False
Marvin-1280,Elihu Marvin,CT,True,,Marvin-357,Marvin-357,Elisha Marvin,False
Mather-1024,Nathaniel Mather,CT,True,,Allyn-443,Allyn-443,Elizabeth Mather,False
Mather-1028,Oliver Mather,CT,True,,Allyn-443,Allyn-443,Elizabeth Mather,False
Mather-1171,Samuel Mather,CT,True,,Mather-198,Mather-198,Moses Mather,False
Mather-169,Joseph Mather,CT,True,,Mather-160,Mather-160,John Mather,False
Mather-440,Joseph Mather,CT,True,,Mather-198,Mather-198,Moses Mather,False
May-15743,Silas May,CT,True,,May-15742,May-15742,Thomas May,False
McDowell-7196,John McDowell,PA,True,,McDowell-5166,McDowell-5166,Willaim McDowell,False
McDowell-7384,John McDowell,PA,True,,McDowell-7385,McDowell-7385,James McDowell,False
Miller-1084,Jonathan Miller,CT,True,,Woodruff-21,Woodruff-21,Sarah Miller,False
Miller-19138,John Miller,PA,True,,Miller-19139,Miller-19139,Robert Miller,False
Miller-28945,John Miller,PA,True,,Mueller-2204,Mueller-2204,John Mueller,False
Miller-62210,William Miller,MD,True,,Miller-33058,Miller-33058,Samuel Miller,False
Miller-64142,John Miller,PA,True,,Miller-84985,Miller-84985,Jacob Miller,False
Miller-66906,Jonathan Miller,CT,True,,Miller-18699,Miller-18699,Ebenezer Miller,False
Miller-6781,John Miller,PA,True,,Miller-6785,Miller-6785,John Heinrich Miller,False
Miller-6782,Henry Miller,PA,True,,Miller-6785,Miller-6785,John Heinrich Miller,False
Miller-6908,Henry Miller,PA,True,,Miller-6910,Miller-6910,Jacob Miller,False
Miller-74450,Henry Miller,PA,True,,Frey-267,Frey-267,Elizabeth Miller,False
Miller-74485,John Miller,PA,True,,Frey-267,Frey-267,Elizabeth Miller,False
Miller-79041,Amos Miller,CT,True,,Miller-44937,Miller-44937,David Miller,False
Miller-83744,John Miller,PA,True,,Miller-35482,Miller-35482,Nicholas Miller,False
Miller-97967,John Miller,PA,True,,Wiley-725,Wiley-725,Magdalena Miller,False
Moore-55850,James Moore,PA,True,,Moore-44956,Moore-44956,William Moore,False
Moore-69035,James Moore,PA,True,,Moore-8339,Moore-8339,John Moore,False
Moore-9825,James Moore,PA,True,,Moore-9844,Moore-9844,John Moore,False
Morris-2630,Luke Morris,PA,True,,Morris-2587,Morris-2587,Samuel Morris,False
Morris-2634,Israel Morris,PA,True,,Morris-2587,Morris-2587,Samuel Morris,False
Morris-2687,Luke Morris,PA,True,,Hudson-1236,Hudson-1236,Elizabeth Morris,False
Morris-2708,John Morris,PA,True,,Morris-2706,Morris-2706,William Morris,False
Morris-3445,James Morris,PA,True,,Morris-11808,Morris-11808,Jonathan Morris,False
Morris-3606,John Morris,PA,True,,Morris-3593,Morris-3593,Thomas Morris,False
Morse-13816,Abel Morse,CT,True,,Dutton-4779,Dutton-4779,Mary Morse,False
Morse-479,Abel Morse,CT,True,,Morse-785,Morse-785,Daniel Morse,False
Moseley-4867,William Moseley,CT,True,,Moseley-4866,Moseley-4866,Increase Moseley,False
Muhlenberg-19,Henry Muhlenberg,PA,True,,Muhlenberg-10,Muhlenberg-10,Frederick Muhlenberg,False
Muir-1346,John Muir,MD,True,,Muir-1350,Muir-1350,James Muir,False
Norton-4103,Reuben Norton,CT,True,,Hooker-526,Hooker-526,Hannah Norton,False
Norton-9,John Norton,CT,True,,Norton-11,Norton-11,David Norton,False
Noyes-1763,Joseph Noyes,CT,True,,Noyes-1751,Noyes-1751,John Noyes,False
Ogden-1225,Aaron Ogden,NJ,True,,Ogden-372,Ogden-372,Robert Ogden,False
Orner-13,Elizabeth Smith,PA,True,,Orner-24,Orner-24,Valentine Orner,False
Palmer-15244,Sarah Brown,CT,True,,Palmer-15637,Palmer-15637,William Palmer,False
Parker-15992,John Parker,MA,True,,Parker-25125,Parker-25125,Joseph Parker,False
Parker-60400,John Parker,MA,True,,Parker-34787,Parker-34787,Moses Parker,False
Parsons-8045,Enoch Parsons,CT,True,,Parsons-7334,Parsons-7334,Samuel Parsons,False
Pattison-735,James Pattison,MD,True,,Pattison-777,Pattison-777,Jeremiah Pattison,False
Paul-11636,Thomas Paul,PA,True,,Paul-9420,Paul-9420,John Paul,False
Paul-3022,Thomas Paul,PA,True,,Paul-3020,Paul-3020,John Paul,False
Pechin-4,Christopher Pechin,PA,True,,Brecht-163,Brecht-163,Christiana Pechin,False
Peck-9181,John Peck,CT,True,,Sanford-4958,Sanford-4958,Abigail Peck,False
Peck-9303,John Peck,CT,True,,Peck-6503,Peck-6503,Nathan Peck,False
Perkins-1694,Jabez Perkins,CT,True,,Sperry-73,Sperry-73,Miriam Perkins,False
Perkins-5260,Elias Perkins,CT,True,,Burnham-1122,Burnham-1122,Joanna Perkins,False
Perkins-9759,Joseph Perkins,CT,True,,Burnham-1122,Burnham-1122,Joanna Perkins,False
Peters-13769,Mary Smith,PA,True,,Brientnall-10,Brientnall-10,Mary Peters,False
Phelps-5304,Josiah Phelps,CT,True,,Phelps-2092,Phelps-2092,John Phelps,False
Phelps-535,Hannah Huntington,CT,True,,Phelps-3522,Phelps-3522,Charles Phelps,False
Phillips-15970,John Phillips,PA,True,,Roberts-33943,Roberts-33943,Mary Phillips,False
Pierce-15085,John Pierce,CT,True,,Hart-8119,Hart-8119,Annie Pierce,False
Platt-1951,Asa Platt,CT,True,,Platt-1457,Platt-1457,Gideon Platt,False
Porter-12120,John Porter,CT,True,,Porter-5540,Porter-5540,Nathaniel Porter,False
Porter-13996,Robert Porter,PA,True,,Ross-15794,Ross-15794,Martha Porter,False
Porter-16295,Mary Porter,CT,True,,Porter-16292,Porter-16292,Nathaniel Porter,False
Porter-18451,Robert Porter,PA,True,,Ross-15794,Ross-15794,Martha Porter,False
Porter-22724,John Porter,CT,True,,Porter-452,Porter-452,Jonathan Porter,False
Porter-25894,William Porter,PA,True,,Porter-28209,Porter-28209,James Porter,False
Porter-3106,Martha Williams,CT,True,,Porter-7654,Porter-7654,Nathaniel Porter,False
Porter-5608,William Porter,PA,True,,Porter-5610,Porter-5610,Robert Porter,False
Potter-8777,James Potter,PA,True,,Patterson-13892,Patterson-13892,Mary Potter,False
Pratt-10545,Jacob Pratt,CT,True,,Pratt-3789,Pratt-3789,Daniel Pratt,False
Ralston-2750,Robert Ralston,PA,True,,Miller-112470,Miller-112470,Catherine Ralston,False
Raymond-3162,Caleb Raymond,CT,True,,Raymond-3161,Raymond-3161,Edward Raymond,False
Raymond-3166,Sarah Raymond,CT,True,,Raymond-3161,Raymond-3161,Edward Raymond,False
Raymond-4782,Sarah Smith,CT,True,,Raymond-3161,Raymond-3161,Edward Raymond,False
Reed-14150,John Reed,PA,True,,Reed-14151,Reed-14151,Michael Reed,False
Reed-34228,John Reed,PA,True,,Pomeroy-143,Pomeroy-143,Mary Reed,False
Reith-216,John Reed,PA,True,,Reed-7729,Reed-7729,Peter Reed,False
Rhoads-1578,John Rhoads,PA,True,,Roth-5187,Roth-5187,Peter Rhoads,False
Rhoads-1625,John Rhoads,PA,True,,Rhoads-1068,Rhoads-1068,Jacob Rhoads,False
Richardson-7131,Susannah Richardson,MA,True,,Richardson-6108,Richardson-6108,Jonathan Richardson,False
Rieth-122,John Reed,PA,True,,Rieth-204,Rieth-204,Jacob Reed,False
Robbins-122,John Robbins,CT,True,,Robbins-120,Robbins-120,Joseph Robbins,False
Robbins-14025,John Robbins,CT,True,,Robbins-12267,Robbins-12267,Josiah Robins,False
Robbins-3938,Jacob Robbins,CT,True,,Robbins-7255,Robbins-7255,John Robbins,False
Robbins-8665,Esther Robbins,CT,True,,Robbins-8663,Robbins-8663,Samuel Robbins,False
Rogers-48556,William Rogers,CT,True,,Rogers-15347,Rogers-15347,David Rogers,False
Rogers-8691,Thomas Rogers,CT,True,,Rogers-3694,Rogers-3694,David Rogers,False
Root-1991,Joseph Root,CT,True,,Root-312,Root-312,Timothy Root,False
Ross-19928,Robert Ross,PA,True,,James-10107,James-10107,Jane Ross,False
Rowland-11864,Alvey Rowland,CT,True,,Rowland-3315,Rowland-3315,David Rowland,False
Rowland-11865,Sherman Rowland,CT,True,,Rowland-3315,Rowland-3315,David Rowland,False
Rush-2591,William Rush,PA,True,,Rush-1816,Rush-1816,Joseph Rush,False
Russell-42828,Thomas Russell,MA,True,,Russell-12526,Russell-12526,Walter Russell,False
Sage-120,Joseph Sage,CT,True,,Sage-119,Sage-119,Solomon Sage,False
Sage-745,Joseph Sage,CT,True,,Sage-493,Sage-493,David Sage,False
Sage-747,Enoch Sage,CT,True,,Sage-493,Sage-493,David Sage,False
Sage-759,David Sage,CT,True,,Sage-747,Sage-747,Enoch Sage,False
Sage-783,Abner Sage,CT,True,,Sage-493,Sage-493,David Sage,False
Saltonstall-83,Gurdon Saltonstall,CT,True,,Saltonstall-6,Saltonstall-6,Winthrop Saltonstall,False
Schuyler-1315,Philip Schuyler,NY,True,,Schuyler-1313,Schuyler-1313,Brandt Schuyler,False
Schuyler-1325,Philip Schuyler,NY,True,,Schuyler-753,Schuyler-753,Stephanus Schuyler,False
Schuyler-363,Peter Schuyler,NY,True,,Schuyler-753,Schuyler-753,Stephanus Schuyler,False
Scott-1917,John Scott,PA,True,,Thompson-3497,Thompson-3497,Elizabeth Scott,False
Sheafe-29,James Sheafe,NH,True,,Sheafe-74,Sheafe-74,Jacob Sheafe,False
Simonton-335,John Simonton,PA,True,,Teague-2456,Teague-2456,Elizabeth Simonton,False
Smith-105838,Isaac Smith,CT,True,,Smith-105828,Smith-105828,Jonathan Smith,False
Smith-119288,Robert Smith,PA,True,,Buchanan-2732,Buchanan-2732,Elizabeth Smith,False
Smith-119295,James Smith,PA,True,,Buchanan-2732,Buchanan-2732,Elizabeth Smith,False
Smith-119297,John Smith,PA,True,,Buchanan-2732,Buchanan-2732,Elizabeth Smith,False
Smith-138826,Isaac Smith,CT,True,,Smith-70447,Smith-70447,Elijah Smith,False
Smith-140967,Sarah Smith,CT,True,,Smith-129762,Smith-129762,Samuel Smith,False
Smith-143706,Sarah Smith,CT,True,,Smith-143648,Smith-143648,Oliver Smith,False
Smith-158254,Samuel Smith,CT,True,,Smith-10309,Smith-10309,Josiah Smith,False
Smith-171049,John Smith,PA,True,,Smith-83681,Smith-83681,Samuel Smith,False
Smith-196133,Sarah Smith,CT,True,,Smith-196070,Smith-196070,Samuel Smith,False
Smith-196134,Isaac Smith,CT,True,,Smith-196070,Smith-196070,Samuel Smith,False
Smith-211205,John Smith,PA,True,,Smith-83360,Smith-83360,Thomas Smith,False
Smith-213899,John Smith,PA,True,,Smith-213900,Smith-213900,Joseph Smith,False
Smith-225770,William Smith,MA,True,,Smith-7639,Smith-7639,Joshua Smith,False
Smith-226663,William Smith,PA,True,,Smith-36616,Smith-36616,Samuel Smith,False
Smith-226723,Seth Smith,CT,True,,Smith-113043,Smith-113043,Ebenezer Smith,False
Smith-245860,Elizabeth Smith,PA,True,,Smith-245861,Smith-245861,Petrus Smith,False
Smith-265409,Samuel Smith,CT,True,,Brown-59094,Brown-59094,Elizabeth Smith,False
Smith-2764,William Smith,PA,True,,Smith-2032,Smith-2032,Thomas Smith,False
Smith-2765,Mary Smith,PA,True,,Smith-173365,Smith-173365,Thomas Smith,False
Smith-2769,John Smith,PA,True,,Smith-2032,Smith-2032,Thomas Smith,False
Smith-27746,Samuel Smith,CT,True,,Smith-27757,Smith-27757,Josiah Smith,False
Smith-289525,George Smith,CT,True,,Smith-21887,Smith-21887,Jonathan Smith,False
Smith-28985,Sarah Smith,CT,True,,Smith-27757,Smith-27757,Josiah Smith,False
Smith-292714,John Smith,PA,True,,Smith-292715,Smith-292715,Thomas Smith,False
Smith-29638,William Smith,PA,True,,Smith-29647,Smith-29647,James Smith,False
Smith-296794,William Smith,MD,True,,Smith-233117,Smith-233117,Nathaniel Smith,False
Smith-308004,Seth Smith,CT,True,,Smith-308006,Smith-308006,Stephen Smith,False
Smith-330961,Reuben Smith,CT,True,,Smith-130131,Smith-130131,Abraham Smith,False
Smith-331351,Sarah Smith,CT,True,,Beach-8019,Beach-8019,Mindwell Smith,False
Smith-331505,Sarah Smith,CT,True,,Smith-130131,Smith-130131,Abraham Smith,False
Smith-334165,Seth Smith,CT,True,,Smith-133852,Smith-133852,Josiah Smith,False
Smith-36617,Jonathan Smith,PA,True,,Smith-36613,Smith-36613,Joseph Smith,False
Smith-37750,Thomas Smith,NY,True,,Smith-37788,Smith-37788,William Smith,False
Smith-52997,Isaac Smith,CT,True,,Smith-52979,Smith-52979,Samuel Smith,False
Smith-54613,Samuel Smith,CT,True,,Smith-54113,Smith-54113,Oliver Smith,False
Smith-57655,Samuel Smith,CT,True,,Smith-48571,Smith-48571,Daniel Smith,False
Smith-59926,Reuben Smith,CT,True,,Smith-59925,Smith-59925,Simeon Smith,False
Smith-71374,Robert Smith,PA,True,,Smith-71375,Smith-71375,John Smith,False
Smith-73236,Isaac Smith,CT,True,,Smith-73235,Smith-73235,Abraham Smith,False
Smith-97628,Richard Smith,NY,True,,Smith-97613,Smith-97613,Samuel Smith,False
Sprague-3946,Joseph Sprague,MA,True,,Sprague-3477,Sprague-3477,John Sprague,False
Stahl-2392,John Stahl,PA,True,,Stahl-837,Stahl-837,Jacob Stahl,False
Stahl-2457,John Stahl,PA,True,,Stahl-2438,Stahl-2438,Philip Stahl,False
Stahl-2467,John Stahl,PA,True,,Stahl-2439,Stahl-2439,Abraham Stahl,False
Strong-2764,Joseph Strong,CT,True,,Strong-2760,Strong-2760,Judah Strong,False
Strong-2912,Joseph Strong,CT,True,,Strong-1460,Strong-1460,Nathan Strong,False
Strong-317,Joseph Strong,CT,True,,Strong-316,Strong-316,Benajah Strong,False
Templeton-5,John Templeton,PA,True,,Templeton-3,Templeton-3,Nathaniel Templeton,False
Thomas-32806,John Thomas,MD,True,,Thomas-20734,Thomas-20734,Samuel Thomas,False
Thomas-33039,Philip Thomas,MD,True,,Thomas-20734,Thomas-20734,Samuel Thomas,False
Thomas-38817,Joseph Thomas,PA,True,,Thomas-51064,Thomas-51064,Nathan Thomas,False
Thomas-49631,Joseph Thomas,PA,True,,Thomas-49630,Thomas-49630,Owen Thomas,False
Thomas-60378,John Thomas,MD,True,,Thomas-33082,Thomas-33082,Richard Thomas,False
Thomas-66910,John Thomas,MD,True,,Thomas-41506,Thomas-41506,Philip Thomas,False
Thompson-10546,John Thompson,PA,True,,Chambers-1327,Chambers-1327,Elizabeth Thompson,False
Thompson-22051,John Thompson,PA,True,,Thompson-22552,Thompson-22552,Robert Thompson,False
Thompson-22315,John Thompson,PA,True,,Thompson-22313,Thompson-22313,William Thompson,False
Thompson-23659,Joseph Thompson,PA,True,,Thomson-8993,Thomson-8993,William Thomson,False
Thompson-32968,Joseph Thompson,PA,True,,Thornton-11462,Thornton-11462,Hannah Thompson,False
Thompson-39870,John Thompson,PA,True,,Laughlin-2171,Laughlin-2171,Jane Thompson,False
Thompson-45394,John Thompson,PA,True,,Thompson-45396,Thompson-45396,William Thompson,False
Thompson-49138,John Thompson,PA,True,,Thompson-49244,Thompson-49244,Robert Thompson,False
Thornton-10806,Thomas Thornton,VA,True,,Thornton-2837,Thornton-2837,Anthony Thornton,False
Thornton-6688,Thomas Thornton,VA,True,,Ewell-160,Ewell-160,Mary Hodges,False
Townsend-2512,Solomon Townsend,NY,True,,Townsend-2514,Townsend-2514,Samuel Townsend,False
Truax-262,Isaac Truax,NY,True,,Truax-260,Truax-260,Sarah Truax,False
Truax-400,Isaac Truax,NY,True,,Truax-442,Truax-442,Abraham Truax,False
Truax-404,Henry Truax,NY,True,,Truax-359,Truax-359,Isaac Truax,False
Trumbull-505,Sarah Williams,CT,True,,Trumbull-137,Trumbull-137,David Trumbull,False
Tyler-2579,John Tyler,CT,True,,Tyler-2575,Tyler-2575,Joseph Tyler,False
Tyler-6458,Moses Tyler,CT,True,,Tyler-6457,Tyler-6457,Elisha Tyler,False
Wadsworth-1247,Charles Wadsworth,CT,True,,Flagg-769,Flagg-769,Abigail Wadsworth,False
Wadsworth-478,Daniel Wadsworth,CT,True,,Wadsworth-452,Wadsworth-452,Jeremiah Wadsworth,False
Walker-28387,Robert Walker,CT,True,,Lewis-26333,Lewis-26333,Rebeckah Walker,False
Ward-38881,Simon Ward,NH,True,,Ward-1424,Ward-1424,Cotton Ward,False
Warfield-587,Alexander Warfield,MD,True,,Warfield-634,Warfield-634,Charles Warfield,False
Warner-12674,John Warner,CT,True,,Warner-7200,Warner-7200,Hezekiah Warner,False
Washington-181,George Washington,VA,True,,Washington-179,Washington-179,Lawrence Washington,False
Weems-606,John Weems,MD,True,,Weems-489,Weems-489,James Weems,False
Weems-837,John Weems,MD,True,,Weems-755,Weems-755,William Weems,False
Weems-846,John Weems,MD,True,,Weems-489,Weems-489,James Weems,False
Wells-14142,Samuel Wells,CT,True,,Wells-14141,Wells-14141,William Wells,False
Wells-16753,James Wells,CT,True,,Wells-8187,Wells-8187,Edmund Wells,False
Wheeler-20156,John Wheeler,CT,True,,Wheeler-14724,Wheeler-14724,Ichabod Wheeler,False
Wheeler-6674,John Wheeler,CT,True,,Denison-364,Denison-364,Esther Wheeler,False
Wheeler-8268,John Wheeler,CT,True,,Mallett-167,Mallett-167,Esther Wheeler,False
White-28084,John White,PA,True,,White-28086,White-28086,Thomas White,False
White-32685,Samuel White,MA,True,,White-7218,White-7218,Daniel White,False
White-39900,Amos White,CT,True,,White-42740,White-42740,Elijah White,False
White-43946,John White,PA,True,,White-1023,White-1023,William White,False
White-52107,Joseph White,CT,True,,White-5283,White-5283,Hugh White,False
White-61769,Samuel White,MA,True,,Lyon-2087,Lyon-2087,Esther White,False
White-63239,Samuel White,MA,True,,White-36915,White-36915,Benjamin White,False
White-88587,Samuel White,MA,True,,White-36915,White-36915,Benjamin White,False
Williams-103752,Thomas Williams,CT,True,,Williams-103754,Williams-103754,William Williams,False
Williams-104893,John Williams,CT,True,,Williams-20641,Williams-20641,Samuel Williams,False
Williams-105800,Solomon Williams,CT,True,,Williams-23840,Williams-23840,Mary Williams,False
Williams-109017,Samuel Williams,CT,True,,Williams-25038,Williams-25038,Ezekiel Williams,False
Williams-109246,Thomas Williams,CT,True,,Williams-25038,Williams-25038,Ezekiel Williams,False
Williams-120271,Thomas Williams,CT,True,,Williams-38645,Williams-38645,Samuel Williams,False
Williams-120501,William Williams,CT,True,,Williams-46968,Williams-46968,Nathan Williams,False
Williams-129090,Thomas Williams,MA,True,,Williams-129076,Williams-129076,William Williams,False
Williams-129091,Thomas Williams,MA,True,,Williams-129076,Williams-129076,William Williams,False
Williams-131316,Thomas Williams,CT,True,,Williams-81699,Williams-81699,John Williams,False
Williams-150335,John Williams,CT,True,,Williams-25038,Williams-25038,Ezekiel Williams,False
Williams-1590,Elias Williams,CT,True,,Williams-1665,Williams-1665,John Williams,False
Williams-1593,William Williams,CT,True,,Williams-1665,Williams-1665,John Williams,False
Williams-1605,William Williams,CT,True,,Cooke-4578,Cooke-4578,Margaret Williams,False
Williams-1665,John Williams,CT,True,,Williams-1612,Williams-1612,William Williams,False
Williams-16757,John Williams,CT,True,,Williams-16768,Williams-16768,Nathaniel Williams,False
Williams-16774,Samuel Williams,CT,True,,Williams-16768,Williams-16768,Nathaniel Williams,False
Williams-16780,William Williams,CT,True,,Williams-16768,Williams-16768,Nathaniel Williams,False
Williams-19834,Thomas Williams,MA,True,,Williams-39830,Williams-39830,John Williams,False
Williams-23839,Mary Porter,CT,True,,Williams-23840,Williams-23840,Mary Williams,False
Williams-27906,David Williams,CT,True,,Williams-32725,Williams-32725,Nathan Williams,False
Williams-38242,William Williams,CT,True,,Williams-38210,Williams-38210,Elias Williams,False
Williams-38248,William Williams,CT,True,,Williams-38210,Williams-38210,Elias Williams,False
Williams-38250,John Williams,CT,True,,Williams-38210,Williams-38210,Elias Williams,False
Williams-52917,John Williams,CT,True,,Williams-9156,Williams-9156,William Williams,False
Williams-54893,Joseph Williams,MA,True,,Williams-54894,Williams-54894,John Williams,False
Williams-58620,Sarah Williams,CT,True,,Williams-1570,Williams-1570,Nathaniel Williams,False
Williams-64680,Thomas Williams,CT,True,,Williams-2025,Williams-2025,Stephen Williams,False
Williams-78895,Thomas Williams,CT,True,,Williams-1570,Williams-1570,Nathaniel Williams,False
Williams-81699,John Williams,CT,True,,Williams-67190,Williams-67190,Thomas Williams,False
Williams-82482,Samuel Williams,CT,True,,Williams-82479,Williams-82479,Nathan Williams,False
Williams-86368,William Williams,MD,True,,Williams-83929,Williams-83929,John Williams,False
Williams-88805,William Williams,MD,True,,Williams-90465,Williams-90465,Joseph Williams,False
Williams-9156,William Williams,CT,True,,Metcalf-1195,Metcalf-1195,Margaret Williams,False
Williams-92948,Thomas Williams,CT,True,,Williams-92945,Williams-92945,Joseph Williams,False
Williams-95666,Joseph Williams,MA,True,,Williams-60270,Williams-60270,William Williams,False
Wilson-66779,William Wilson,MD,True,,Wilson-27689,Wilson-27689,George Wilson,False
Wilson-75303,William Wilson,VA,True,,Wilson-77452,Wilson-77452,John Wilson,False
Wilson-82272,William Wilson,MD,True,,Wilson-44744,Wilson-44744,Samuel Wilson,False
Woodbridge-214,Joseph Woodbridge,CT,True,,Woodbridge-221,Woodbridge-221,Howell Woodbridge,False
Woodbridge-90,William Woodbridge,CT,True,,Woodbridge-84,Woodbridge-84,Dudley Woodbridge,False
Woodruff-1791,Matthew Woodruff,CT,True,,Baldwin-2835,Baldwin-2835,Sarah Woodruff,False
Wyer-603,William Wyer,MA,True,,Wyer-597,Wyer-597,John Wyer,False
Yeates-75,Mary Smith,PA,True,,Yeates-67,Yeates-67,Jasper Yeates,False
